filename,label
1478899275795498512.jpg,1
1478020556199877328.jpg,5
1478896325083788429.jpg,1
1478899158682317629.jpg,3
1478732556081500093.jpg,1
1478898567395594593.jpg,2
1478899373485354010.jpg,1
1478897468234111656.jpg,1
1478895421303598085.jpg,1
1478896827247324595.jpg,1
1479499062012856259.jpg,1
1479498503475017191.jpg,1
1478732815295675289.jpg,1
1478897417389608204.jpg,1
1478898173776814806.jpg,1
1478020944718557620.jpg,1
1478897347120214881.jpg,1
1478020282192788758.jpg,1
1479503809832680581.jpg,1
1478021886588889032.jpg,1
1478900115020395901.jpg,1
1478021922093174717.jpg,1
1478897979538281454.jpg,1
1479505844969293157.jpg,1
1479503037783641071.jpg,2
1478896949502821481.jpg,1
1479498483470286824.jpg,1
1479504949909848253.jpg,1
1479502288731301852.jpg,1
1478896940362299188.jpg,1
1478020354702890961.jpg,3
1478898381727173964.jpg,1
1478899860224081942.jpg,1
1479498649482056867.jpg,1
1478898433713840897.jpg,1
1478020645704830145.jpg,1
1478896314229926352.jpg,1
1478901403278189232.jpg,1
1478020962715694388.jpg,1
1479505774446220614.jpg,1
1478895521279256325.jpg,1
1478020622202230099.jpg,1
1478900934249733042.jpg,1
1479499022508270641.jpg,1
1478900109306048491.jpg,1
1478732374860896278.jpg,1
1478895305331682380.jpg,1
1478899112978559606.jpg,2
1479499308527815841.jpg,1
1478896731270961610.jpg,1
1479501620685227942.jpg,2
1479504864903700480.jpg,1
1478732842823848665.jpg,1
1478898257756368349.jpg,1
1479499976074458623.jpg,1
1479500386601541793.jpg,1
1479502653234386388.jpg,1
1478897311129332643.jpg,1
1479504433374818299.jpg,1
1479498473473145106.jpg,1
1478900536059920956.jpg,1
1479499729556434199.jpg,1
1478899661415180271.jpg,1
1478896317085962865.jpg,1
1479505793968333548.jpg,1
1478897984108712992.jpg,1
1479504873904590756.jpg,1
1479503976844100980.jpg,1
1479498827994379429.jpg,1
1478732504467962348.jpg,1
1479499102015479556.jpg,1
1478900041895085709.jpg,1
1478897342550316651.jpg,1
1478899868222086855.jpg,1
1478899291791673062.jpg,1
1479503296297766755.jpg,1
1478732217726925274.jpg,1
1478898369728707394.jpg,2
1478897471661752358.jpg,1
1478900288691527158.jpg,2
1479502359735950821.jpg,1
1479499842064242321.jpg,3
1478900319541223524.jpg,1
1478899221522343419.jpg,1
1478900474931596417.jpg,1
1478897491657602117.jpg,1
1478899594003622756.jpg,1
1479500483605272640.jpg,2
1479498529976231369.jpg,1
1479504558885720551.jpg,3
1478020982720441778.jpg,1
1478901377570228518.jpg,1
1478732073208849677.jpg,1
1478900333823266655.jpg,1
1478897709318899034.jpg,1
1478897793298079959.jpg,1
1479502393238020661.jpg,1
1479504176857318263.jpg,1
1478896345649796872.jpg,1
1479503905339250018.jpg,1
1478899793954433715.jpg,3
1479502306231390550.jpg,1
1479505725963529539.jpg,1
1479502798767099135.jpg,1
1478731916647741600.jpg,1
1478020891719896635.jpg,1
1478020875220654381.jpg,1
1478898272039978716.jpg,1
1478900097880742669.jpg,1
1479499005006400439.jpg,1
1479502178225302236.jpg,1
1478732177582131180.jpg,1
1478020307192120430.jpg,1
1479502883770407676.jpg,1
1479503675325671150.jpg,2
1478896533604191752.jpg,1
1478020350194803939.jpg,1
1478732781461450940.jpg,2
1478732670779493388.jpg,1
1479503883840571342.jpg,1
1479505105919926326.jpg,1
1478731996935399053.jpg,1
1479503451310679390.jpg,1
1478898174348115166.jpg,1
1479502996277750143.jpg,1
1478896847813383832.jpg,1
1478899903071349848.jpg,1
1478732565257340608.jpg,1
1478020347194861431.jpg,1
1478899498026279772.jpg,1
1478731906324508684.jpg,1
1478020429202387927.jpg,1
1478732744183672578.jpg,1
1478897185447237972.jpg,1
1479503915340020179.jpg,1
1478901462692835310.jpg,1
1479500061559665408.jpg,3
1479503388807155106.jpg,1
1478020469697021843.jpg,5
1478020919219116239.jpg,1
1478898280607852817.jpg,1
1478732776299601764.jpg,2
1479502705258829629.jpg,1
1479505756963515346.jpg,1
1479502994777714717.jpg,1
1478020847718161629.jpg,1
1478897629909282156.jpg,1
1478901333009094649.jpg,1
1479505647458740501.jpg,1
1478901257599002347.jpg,1
1478896441627529098.jpg,1
1478020893718422442.jpg,1
1478732198800906859.jpg,1
1478900131588314276.jpg,1
1478899763105115736.jpg,1
1478897727599926990.jpg,2
1479499813562378007.jpg,1
1478899055277019457.jpg,1
1478732555508539074.jpg,1
1478732196507455599.jpg,1
1478896986637899449.jpg,1
1478896931793581498.jpg,1
1478896574165424315.jpg,1
1479503737827987387.jpg,1
1479500831134208762.jpg,1
1478901105636254265.jpg,1
1478896254815642930.jpg,1
1478901521535797917.jpg,1
1478897603059199031.jpg,1
1479503990845282472.jpg,1
1478896742125896656.jpg,1
1479505917975098674.jpg,1
1479499423015195114.jpg,1
1479502335231725824.jpg,1
1479500490605373748.jpg,1
1478895689237794790.jpg,1
1479504735400784251.jpg,1
1479504908406659608.jpg,1
1479500549112473736.jpg,2
1478896806680790923.jpg,1
1478021889088444512.jpg,1
1478901520963409930.jpg,1
1479502576749814811.jpg,2
1478896916368439984.jpg,1
1479499170517998693.jpg,1
1479499782539709945.jpg,1
1478732332996652078.jpg,1
1478897150598165442.jpg,1
1478896461622576982.jpg,1
1479498848989067285.jpg,1
1478020341695199752.jpg,1
1478021895088852236.jpg,1
1478900531489488683.jpg,1
1478900063032622053.jpg,1
1479503015271696472.jpg,1
1479505129421413898.jpg,1
1478901026226230809.jpg,1
1478898587391578592.jpg,1
1479500853136826898.jpg,1
1479504149336211988.jpg,1
1479501746675415328.jpg,1
1479500811130080154.jpg,1
1479505996479406878.jpg,1
1479505139922028769.jpg,1
1479499492040108283.jpg,2
1478895423017729436.jpg,1
1479504410873109674.jpg,1
1478732106470141171.jpg,1
1479500327097420384.jpg,1
1479502780261045273.jpg,1
1478901044507512098.jpg,1
1478021044217217565.jpg,1
1478897016343859196.jpg,1
1479499884066902916.jpg,1
1478898325169286618.jpg,1
1478732443679138616.jpg,1
1479498552975724780.jpg,1
1478900594331981626.jpg,1
1479504327366731439.jpg,1
1479501706192064256.jpg,1
1478896602159095118.jpg,1
1479500050578636458.jpg,1
1479499538043380876.jpg,1
1478899478602882707.jpg,1
1479499655054525363.jpg,1
1479500779128715387.jpg,2
1479504323866065058.jpg,1
1479499517041887761.jpg,1
1479504190359219462.jpg,1
1478020579707951349.jpg,1
1478732989060931744.jpg,2
1478901315300316539.jpg,1
1478895371602508405.jpg,1
1478897395108965791.jpg,1
1479502872271907140.jpg,1
1478896960928632702.jpg,4
1478898613099001710.jpg,2
1479500075580171407.jpg,1
1478021604081937351.jpg,1
1479505900973182641.jpg,1
1479499780062077923.jpg,1
1479499627052360262.jpg,1
1478732773431711010.jpg,1
1479500161088373276.jpg,1
1479504052851332702.jpg,2
1478897637335707307.jpg,1
1478898362302382096.jpg,1
1478896747837967552.jpg,1
1478731889693455924.jpg,1
1478896757549405190.jpg,1
1478020819719654266.jpg,1
1478899104979577615.jpg,2
1479505801946455113.jpg,1
1479498693484815810.jpg,1
1478899435184190625.jpg,1
1479502623755460204.jpg,2
1478900552627669143.jpg,1
1478898209196810337.jpg,3
1479499829565489603.jpg,1
1478898150353926531.jpg,1
1479504376873074279.jpg,1
1478896627866879863.jpg,1
1479499183021435277.jpg,1
1478020340701643684.jpg,1
1479505782465233242.jpg,1
1478731978011704468.jpg,2
1478021912090247953.jpg,1
1478731968260529122.jpg,1
1478900573764997098.jpg,1
1479500106580902142.jpg,1
1479499456534872374.jpg,1
1478898185203191274.jpg,1
1478897451666665710.jpg,1
1478732942608982538.jpg,1
1478020499698694121.jpg,5
1479500370602355898.jpg,1
1478020931219850315.jpg,1
1479500598118161140.jpg,1
1479506059479941395.jpg,1
1478895332753087228.jpg,1
1478732691998575176.jpg,1
1479505497437015551.jpg,1
1478732134570955261.jpg,1
1478732108190665020.jpg,1
1478899172391005679.jpg,2
1479504702893685315.jpg,1
1479499041511911486.jpg,1
1479499418037510093.jpg,1
1478900410376588288.jpg,1
1478898278894137026.jpg,1
1478898657088017520.jpg,1
1478898658230366316.jpg,1
1478896345078513580.jpg,1
1478732918522732149.jpg,1
1478901060505081988.jpg,1
1478896404492344905.jpg,1
1478899497455319756.jpg,1
1478901370714308852.jpg,1
1479500610119289336.jpg,1
1479500601616199081.jpg,1
1479500385101171760.jpg,1
1478020500698934940.jpg,1
1478731978582814616.jpg,2
1478897107178568995.jpg,1
1479503986332985449.jpg,1
1478898079515877064.jpg,2
1479499647554160282.jpg,1
1478897644762728596.jpg,1
1479499108013443702.jpg,1
1478901284449552686.jpg,1
1478020919719200889.jpg,1
1478898550828136474.jpg,3
1478896330225075588.jpg,1
1479498565455970878.jpg,1
1478895360175360773.jpg,1
1479501486176133994.jpg,2
1479505404939948674.jpg,2
1479504587887737518.jpg,1
1478896715845203907.jpg,1
1478900219566904475.jpg,1
1478896848955986104.jpg,1
1479502288231261057.jpg,1
1478020349696136520.jpg,1
1478021899088431215.jpg,1
1479503487311881803.jpg,1
1478897469947503855.jpg,1
1478900266410993162.jpg,2
1478020418204507452.jpg,1
1479505433443925001.jpg,1
1478900864552389245.jpg,1
1479506115987902234.jpg,1
1478899139828375699.jpg,1
1478896666143461868.jpg,1
1478020421703195424.jpg,1
1479502268731717402.jpg,1
1478732944903300106.jpg,1
1478895573837257306.jpg,1
1479498917002929337.jpg,1
1478021003721242616.jpg,1
1478901464977281583.jpg,1
1478897968113461727.jpg,1
1478020473197330918.jpg,5
1478896776402008954.jpg,1
1478732190200530852.jpg,1
1479502500744728010.jpg,1
1478897074044671721.jpg,1
1478897083756670921.jpg,1
1478901400992682034.jpg,1
1478897589347457788.jpg,1
1479504306845727932.jpg,1
1479503494811397076.jpg,1
1479504180857568376.jpg,2
1478900798853851069.jpg,1
1478899006146350558.jpg,1
1478896378213305582.jpg,1
1478896716988012190.jpg,1
1479500629112408827.jpg,1
1479504339368543664.jpg,1
1479503870838949472.jpg,1
1479501730694624473.jpg,1
1479499779062125222.jpg,1
1479500460106384325.jpg,2
1478732087545203723.jpg,1
1478898416003579564.jpg,1
1479504439876045569.jpg,1
1479501881701791420.jpg,1
1478896412491297188.jpg,1
1478897591632684613.jpg,1
1478898154924889185.jpg,1
1478899701405568531.jpg,1
1478732944329602103.jpg,1
1478897150026011265.jpg,1
1478020234197295938.jpg,2
1478899452322877105.jpg,1
1479502996777828009.jpg,1
1478020431196343477.jpg,1
1479502332733431986.jpg,1
1478899776816263999.jpg,1
1478732385183504935.jpg,1
1478732962681640836.jpg,1
1479504883402813536.jpg,1
1479505845975288261.jpg,1
1478895695522164982.jpg,1
1478900488642953565.jpg,1
1479504299365573339.jpg,1
1478896948931717848.jpg,1
1478732897303828136.jpg,1
1478897512223342784.jpg,1
1479499582548952873.jpg,1
1479499576048245192.jpg,1
1479502043715881977.jpg,1
1479505488445302936.jpg,2
1478732724686284152.jpg,2
1478900473789469839.jpg,2
1478898937021409351.jpg,1
1478732049123514336.jpg,1
1478900402950535263.jpg,4
1478900963386242268.jpg,1
1478020806711384820.jpg,1
1479502353737728484.jpg,1
1479504340870726483.jpg,1
1479502744260892131.jpg,1
1478899120975132923.jpg,2
1479498574978814405.jpg,1
1479504741395297734.jpg,1
1478898160637036491.jpg,3
1478900500069202900.jpg,1
1478020958213962506.jpg,1
1478732518804625884.jpg,1
1478896447339353028.jpg,1
1478900388667051027.jpg,1
1479503924840447448.jpg,1
1478896547887765347.jpg,1
1478732824471419775.jpg,1
1479504319850149121.jpg,1
1479503727327168831.jpg,1
1478900445225504484.jpg,1
1478901000518393728.jpg,1
1479499268027270804.jpg,1
1479502659752173109.jpg,1
1479503761829423574.jpg,1
1478900877120745005.jpg,1
1478896987780163370.jpg,1
1479505872470952769.jpg,1
1478898912454809151.jpg,1
1478021162225653053.jpg,1
1479504749396322084.jpg,3
1479505762464057283.jpg,1
1479505474446513984.jpg,1
1479499083514141617.jpg,1
1478895694380263573.jpg,1
1478020794210017007.jpg,1
1479500495105835532.jpg,2
1478896385640010675.jpg,1
1479499981575926962.jpg,1
1479501795697225320.jpg,1
1478899989907374870.jpg,1
1478732257869720641.jpg,1
1478899022142558419.jpg,1
1479504029848000524.jpg,1
1478731969407536895.jpg,1
1479499371532091841.jpg,1
1479500294097292935.jpg,1
1478899443753992698.jpg,1
1479503160789050658.jpg,1
1479505011402026062.jpg,1
1479499885067748471.jpg,1
1478899916781793445.jpg,1
1478731922382200668.jpg,1
1479501407170534941.jpg,1
1478900464078249824.jpg,1
1478898211483419353.jpg,1
1478896090282854520.jpg,1
1479502316732402900.jpg,1
1479499126014863938.jpg,1
1479501957710450689.jpg,1
1479499651550878290.jpg,1
1478732527980555378.jpg,1
1478732290558352711.jpg,1
1478897252286385856.jpg,1
1478021884090615519.jpg,1
1479502642733790604.jpg,1
1478899802524261466.jpg,1
1479501520681228118.jpg,1
1479502097216664425.jpg,1
1478899515165401391.jpg,3
1479500568116799959.jpg,2
1479505274436905908.jpg,1
1478896885518587061.jpg,1
1478020603204393782.jpg,1
1479502823268576839.jpg,1
1479502243227168486.jpg,1
1479506117987962647.jpg,1
1479499335531814592.jpg,1
1478732878953069466.jpg,5
1478899348349215224.jpg,1
1479504240359007595.jpg,1
1478732979885601586.jpg,1
1478732415577740567.jpg,1
1478899212381346118.jpg,1
1478899750537763680.jpg,1
1479503449811027368.jpg,1
1479504909906662158.jpg,3
1478897813866452342.jpg,1
1479498590477743045.jpg,1
1478021867087816086.jpg,1
1478732318659541341.jpg,5
1478901407848336316.jpg,1
1478898107507175906.jpg,1
1478021021722343128.jpg,1
1478021926585144697.jpg,1
1478899895644065452.jpg,1
1479503575319203424.jpg,1
1478896623297295948.jpg,1
1478899358632233867.jpg,1
1478900262983273010.jpg,1
1478897116319954863.jpg,1
1478897455665413179.jpg,1
1478895364175297001.jpg,1
1479503599818436688.jpg,1
1478897425958437540.jpg,1
1478900905685470730.jpg,1
1479504237857383894.jpg,1
1478895742367616980.jpg,1
1479501411170788422.jpg,1
1478895705805422953.jpg,1
1478900576621498172.jpg,1
1479498868998259562.jpg,1
1478897301416869587.jpg,1
1478897828718696096.jpg,3
1479505168426425576.jpg,2
1479500568616892959.jpg,2
1479499990074394256.jpg,1
1479504634890696448.jpg,1
1478897859568406026.jpg,2
1478899015859303366.jpg,1
1479504395372238182.jpg,1
1479501995211306730.jpg,1
1478897712175796590.jpg,1
1478901395280013448.jpg,1
1478900431514896686.jpg,1
1478732702319267400.jpg,1
1479503339303402212.jpg,1
1478020423202642910.jpg,1
1478901122776470427.jpg,1
1479501501667717967.jpg,2
1478896592446777192.jpg,1
1479503344803629787.jpg,1
1478895349320644819.jpg,1
1478901115919036970.jpg,1
1479500419603715585.jpg,1
1479502062215013912.jpg,1
1479503240794887707.jpg,1
1479501902206666411.jpg,1
1478021857586940196.jpg,1
1479506160993541418.jpg,1
1478899439755269463.jpg,1
1479502513747718192.jpg,1
1478898353733316888.jpg,1
1479503762329671801.jpg,1
1479503576319265040.jpg,1
1478020868219313811.jpg,1
1478900352104295223.jpg,1
1478900066459552219.jpg,1
1479500769628601198.jpg,1
1479505981985223494.jpg,1
1478896514180121034.jpg,1
1478898623382043553.jpg,2
1478899836230187501.jpg,1
1478896609014064843.jpg,1
1478900978809556753.jpg,1
1478898933592544420.jpg,1
1479505663943356390.jpg,1
1479505767964274180.jpg,1
1478900959386138849.jpg,2
1479502083716905662.jpg,1
1478896339937415728.jpg,1
1479503728830521837.jpg,1
1479504011847310183.jpg,1
1478896845528564977.jpg,1
1479500319096787327.jpg,1
1478898918740290794.jpg,1
1478896285664573537.jpg,1
1478732003817874403.jpg,1
1478021929584894601.jpg,1
1479498673986299014.jpg,1
1478900625181169815.jpg,1
1479499335031559943.jpg,1
1479502274208609955.jpg,1
1479505316436341792.jpg,1
1479502011711542326.jpg,1
1479502967775978665.jpg,1
1479505126426995727.jpg,1
1478020842710790061.jpg,1
1478732183891042134.jpg,1
1478900803423287129.jpg,1
1479501729692847065.jpg,1
1478019954186238236.jpg,1
1479504184358208652.jpg,1
1479500761128113297.jpg,1
1479504145855178904.jpg,1
1479499960572389006.jpg,1
1479500308096057576.jpg,1
1478896838672129926.jpg,1
1478020827717351584.jpg,1
1478901199899116310.jpg,1
1479505018914100404.jpg,1
1478732358229336223.jpg,1
1478020526208201390.jpg,1
1479499138015968031.jpg,1
1479502512745371858.jpg,1
1479500751128813675.jpg,1
1479502124721847131.jpg,1
1478898498269595562.jpg,1
1478020405196532390.jpg,3
1479500533611880655.jpg,2
1478896646148939688.jpg,1
1478898300031769765.jpg,1
1478897220865468731.jpg,1
1479501787198435296.jpg,1
1478021026715611406.jpg,1
1478897883562842621.jpg,2
1479499865565813424.jpg,1
1479498546977582968.jpg,1
1478899913354202824.jpg,1
1479505654956607817.jpg,1
1478899744252500910.jpg,1
1479506016483152236.jpg,1
1478899834516297637.jpg,1
1479502772764859483.jpg,1
1479504178357807729.jpg,2
1479504403355280535.jpg,1
1479505215927288102.jpg,1
1478020817217758610.jpg,3
1478732424180769966.jpg,1
1479505257433254365.jpg,1
1478896410205516052.jpg,1
1478732566978330521.jpg,1
1479500282096734592.jpg,1
1478021625575965611.jpg,1
1478732076649730030.jpg,1
1478020449197139910.jpg,1
1479499701054903169.jpg,1
1478896901515415422.jpg,1
1479499065010827262.jpg,1
1478732663323124232.jpg,1
1478900737724987942.jpg,3
1478020597703424604.jpg,1
1478898352019773468.jpg,1
1479501452174376765.jpg,1
1478901438127023755.jpg,1
1479499176002492403.jpg,1
1479501634186287459.jpg,1
1479499221521657060.jpg,1
1478021641576314370.jpg,1
1479503311799715325.jpg,1
1479506024483642100.jpg,1
1478020908718354043.jpg,1
1478732324393864792.jpg,1
1478896899801122324.jpg,1
1478900550913370586.jpg,1
1479503421806771253.jpg,1
1479501922205660543.jpg,1
1479501667690607475.jpg,2
1478897344264505478.jpg,1
1479500053578808198.jpg,2
1479498414968291651.jpg,1
1478897248858505372.jpg,1
1478900861124692667.jpg,1
1478901143913053145.jpg,1
1479501688189733660.jpg,1
1478896458194526309.jpg,1
1478732436796790243.jpg,1
1479503353802562024.jpg,1
1479499858065411287.jpg,1
1479502120721338825.jpg,1
1479499104513442978.jpg,1
1478732505616606889.jpg,1
1478021653578993027.jpg,1
1478733020603231956.jpg,1
1478732398373316992.jpg,1
1478896390211049513.jpg,5
1478900985665673443.jpg,1
1479505318436515021.jpg,1
1479504887402417820.jpg,1
1479503298778380325.jpg,1
1478020798715450031.jpg,1
1479500677618998108.jpg,2
1479500767627423436.jpg,1
1478899923637961892.jpg,1
1478897521363535477.jpg,1
1479504149839483714.jpg,1
1479500413094665763.jpg,1
1479500341598722339.jpg,1
1478020843211326854.jpg,1
1479500415605222040.jpg,1
1479500542112595502.jpg,2
1479504949409056433.jpg,1
1478901270167523158.jpg,1
1479499232522722429.jpg,1
1478898919310535845.jpg,1
1479503381807358859.jpg,1
1478731959658465138.jpg,1
1478732242385466946.jpg,1
1479504102352493144.jpg,1
1478896854668584406.jpg,1
1479500240091601878.jpg,2
1479502064216945882.jpg,1
1478895541845222638.jpg,3
1479499196019742429.jpg,1
1478732373140027004.jpg,1
1478900897686694085.jpg,1
1478896989494306090.jpg,1
1479499350030348478.jpg,1
1478898768491266584.jpg,1
1478020440203365965.jpg,1
1479504130839077100.jpg,1
1479501905204528515.jpg,1
1478896575879339112.jpg,1
1479499601047823237.jpg,2
1479502913272355172.jpg,1
1478901454122881919.jpg,1
1478020896712000065.jpg,1
1478899339779179604.jpg,1
1478899074129511354.jpg,1
1478021925583838627.jpg,1
1478901320440882475.jpg,1
1478021928591167610.jpg,1
1479503472812324997.jpg,1
1479504017348022437.jpg,1
1479501497177001845.jpg,2
1479502779263993429.jpg,1
1478897040910116066.jpg,1
1479498586980064962.jpg,1
1479501472176216081.jpg,1
1478021037217171341.jpg,1
1478020859717299878.jpg,1
1478900626324480148.jpg,1
1479499241523077770.jpg,1
1478897382541078741.jpg,1
1478899106692912560.jpg,2
1478897986964707221.jpg,1
1478898013244309381.jpg,2
1479503620320227604.jpg,1
1478897268282749024.jpg,1
1478732382315874637.jpg,1
1479501636178544183.jpg,1
1479505743448749046.jpg,1
1478732185611673931.jpg,1
1479503395807998260.jpg,1
1478020213196446056.jpg,1
1479499958074695724.jpg,1
1478899175818926419.jpg,2
1478900947388378193.jpg,1
1479504037348281876.jpg,1
1478896589590329220.jpg,1
1478896841528843758.jpg,1
1479502891270830603.jpg,1
1478900968526546647.jpg,1
1478019972685986697.jpg,1
1478895885190279418.jpg,1
1478897810437194909.jpg,2
1478897962400461311.jpg,3
1479503150788628013.jpg,3
1479504999913334960.jpg,1
1479503418807154363.jpg,1
1478897962971142644.jpg,3
1479502421741682503.jpg,1
1478898824476294828.jpg,1
1478896820391272771.jpg,1
1479505923476939284.jpg,1
1478020886718609532.jpg,1
1478020492199146290.jpg,1
1478896883234086036.jpg,1
1479501557677947105.jpg,1
1479505913976664493.jpg,1
1478020345696924923.jpg,1
1478901492971137754.jpg,1
1478901384997242661.jpg,1
1478732717230493692.jpg,1
1479500877635022081.jpg,1
1478900575479311518.jpg,1
1479504470370494992.jpg,1
1479501682691613561.jpg,1
1479502667756024855.jpg,1
1478897075758023940.jpg,1
1479502646754663727.jpg,1
1478901355289827542.jpg,1
1479506113487394352.jpg,1
1478897754450554450.jpg,1
1479502868269464824.jpg,1
1479499290518232127.jpg,1
1479501801698278311.jpg,1
1478897857282331271.jpg,2
1478896671856577794.jpg,1
1478020462197811441.jpg,5
1479503098787107173.jpg,1
1478896745553390911.jpg,1
1479500137086604847.jpg,1
1478732979312316444.jpg,1
1479505682941761201.jpg,1
1478897163165601759.jpg,1
1479502086717012117.jpg,2
1478896645007380564.jpg,1
1479503369303164267.jpg,1
1478898362874022094.jpg,1
1478896655288689769.jpg,1
1478732881820398592.jpg,1
1478899396337022994.jpg,1
1479504122854009557.jpg,1
1478732889275686494.jpg,3
1479499152516804511.jpg,1
1478897275709073814.jpg,1
1478897048336455059.jpg,1
1478732982179218754.jpg,1
1478898360017824709.jpg,1
1479505276933194104.jpg,1
1478898971869897891.jpg,1
1478731926969694617.jpg,1
1478020971221155479.jpg,1
1478896679854993223.jpg,1
1478896788971031063.jpg,1
1478901069072835815.jpg,1
1479498759989499600.jpg,2
1478732561242457409.jpg,1
1478900321826576438.jpg,1
1478901479259955476.jpg,1
1479502457242643324.jpg,1
1478900380098478550.jpg,1
1479502807265594582.jpg,1
1478901475831749751.jpg,1
1478900198999013173.jpg,1
1479501843702806624.jpg,1
1478897376827770823.jpg,1
1478900580048984406.jpg,1
1478896300519364688.jpg,1
1478898674798294865.jpg,4
1478900829703935264.jpg,1
1479498942502451543.jpg,1
1478021902088246528.jpg,1
1478897928122474684.jpg,2
1478897053478610023.jpg,1
1478897389395929838.jpg,1
1478900037324476926.jpg,1
1478897356261726780.jpg,1
1478901249029239574.jpg,1
1478898621668332489.jpg,2
1478897115177382350.jpg,1
1478900259555717190.jpg,1
1478732483823194070.jpg,1
1478897423674773274.jpg,1
1478731994067480311.jpg,1
1478897323126864860.jpg,1
1478898397151333470.jpg,1
1478897001490241773.jpg,1
1478895937750505958.jpg,1
1479502427739865215.jpg,1
1478901408990608067.jpg,1
1478020544706876525.jpg,5
1478898248615686923.jpg,1
1478900164150119220.jpg,1
1478901228464243576.jpg,1
1478900382954826428.jpg,1
1478732135718935305.jpg,1
1478897167735598961.jpg,1
1478020411697613689.jpg,1
1478020907219952386.jpg,1
1478897634480238183.jpg,1
1478896487900818909.jpg,1
1478900260697763186.jpg,1
1479503434307370963.jpg,1
1478901234747979535.jpg,1
1478732216007695927.jpg,1
1478732441384971074.jpg,1
1479499683055651144.jpg,1
1479501889200505115.jpg,1
1478899332924786062.jpg,1
1478900258412836483.jpg,1
1479499270527490265.jpg,1
1478732739024602398.jpg,1
1478732975297354654.jpg,1
1478896309088160290.jpg,1
1478898991292441391.jpg,1
1479501812698337837.jpg,1
1479502557250447698.jpg,1
1479499202520394891.jpg,1
1478897327696678614.jpg,1
1478896768404233127.jpg,1
1479498556476718738.jpg,1
1478900048179702477.jpg,1
1478732506188160517.jpg,1
1479502395237512855.jpg,1
1478896311943925614.jpg,1
1478899016429643875.jpg,1
1478898332595538240.jpg,1
1479502351237732649.jpg,1
1479500707625424969.jpg,1
1478020337695556058.jpg,1
1479500603616753407.jpg,1
1478901463262971152.jpg,1
1478899208383495436.jpg,2
1479502313732054379.jpg,1
1478897300847486205.jpg,1
1479500172588871687.jpg,1
1478020348696326192.jpg,1
1479500654119932224.jpg,2
1479499488039821764.jpg,1
1478900016187904365.jpg,1
1478732291132373725.jpg,1
1478732231490379387.jpg,1
1479502155220981505.jpg,1
1478732981032344637.jpg,1
1478896199399439397.jpg,1
1479500026069951306.jpg,1
1478896586163579609.jpg,1
1478896982637612290.jpg,1
1478898466848020993.jpg,1
1478897638478002218.jpg,1
1479502581750140728.jpg,2
1478900288119887983.jpg,2
1478732474074220065.jpg,1
1479502938257052578.jpg,1
1478899350634149498.jpg,1
1478898296604119892.jpg,1
1479504513382541756.jpg,1
1478898710789927725.jpg,1
1478021038717268422.jpg,1
1479500156082911512.jpg,1
1478901214752516638.jpg,1
1478898507981448696.jpg,1
1479503760329760616.jpg,1
1479499384532739919.jpg,1
1478897133458324505.jpg,1
1478898802195733318.jpg,2
1479499977553127283.jpg,1
1478900177860721857.jpg,1
1478898421717030654.jpg,1
1478020822211847230.jpg,1
1479500879614599674.jpg,1
1478899603144571247.jpg,1
1478020262693294939.jpg,1
1478899881933251011.jpg,1
1479504304365810168.jpg,1
1478899215237741495.jpg,1
1478898506838411723.jpg,1
1478732687410043476.jpg,1
1479498522452487804.jpg,1
1479503580317457694.jpg,1
1479500822633400364.jpg,2
1478900593189723305.jpg,1
1478896871237026378.jpg,1
1479500231593174734.jpg,1
1479498462970262509.jpg,1
1478900510924017306.jpg,1
1479503981849272806.jpg,1
1478897966398856184.jpg,1
1479500687108381309.jpg,2
1479505614455584778.jpg,1
1478732391492053768.jpg,1
1478019969688638443.jpg,1
1478732728699901613.jpg,1
1478898432570792942.jpg,1
1478896746695921606.jpg,1
1478900991378211379.jpg,1
1478896629581009583.jpg,1
1478899098695311925.jpg,1
1478732165539034472.jpg,1
1478899484315637000.jpg,1
1479505802468309571.jpg,1
1478898549685630446.jpg,1
1479503116288575412.jpg,1
1479502606751516555.jpg,2
1479500088080980334.jpg,1
1479503559316192441.jpg,1
1478897355118982688.jpg,1
1478896629009361879.jpg,1
1479500733623836509.jpg,2
1479501724192172021.jpg,1
1478898576536108322.jpg,2
1478732722965035036.jpg,1
1478900266982682919.jpg,1
1478898117219676049.jpg,1
1479502145220421040.jpg,1
1479505372937532255.jpg,1
1479502360735225646.jpg,1
1479501862204605830.jpg,1
1479504172355163249.jpg,1
1478899059275936062.jpg,1
1479503843835302373.jpg,1
1479500166088858939.jpg,1
1479506006982744103.jpg,1
1479503926331146164.jpg,1
1478900047036189731.jpg,1
1478021542574646876.jpg,1
1478900537202240247.jpg,1
1478901342150121127.jpg,1
1479501693190563316.jpg,1
1478020914220995039.jpg,1
1479502264731889716.jpg,1
1478898571965913582.jpg,2
1479504612389045118.jpg,1
1479502760261812722.jpg,1
1478020266199625987.jpg,1
1478897936692871206.jpg,2
1478731890267339725.jpg,1
1478897387111257919.jpg,1
1479499014009466131.jpg,1
1478731972275644882.jpg,1
1478898042380551422.jpg,1
1478900012186726115.jpg,1
1479506037484538738.jpg,1
1478020910713286061.jpg,1
1478899583148961598.jpg,1
1478020621711798275.jpg,1
1478021656576889135.jpg,1
1478020568201336094.jpg,1
1479501650689838790.jpg,2
1478899030140196990.jpg,1
